"CVE","CvrfDocument","LastRevisionDate","FullProductName","Article","Severity","Impact","Title","Supercedence"
"CVE-2016-0088","April 2016 Security Updates","2016-04-12T07:00:00Z","Windows 10 for x64-based Systems","3147461","Important","Remote Code Execution","Windows Hyper-V Remote Code Execution Vulnerability","3140745"
"CVE-2016-0088","April 2016 Security Updates","2016-04-12T07:00:00Z","Windows 8.1 for x64-based systems","3135456","Important","Remote Code Execution","Windows Hyper-V Remote Code Execution Vulnerability","3087088"
"CVE-2016-0088","April 2016 Security Updates","2016-04-12T07:00:00Z","Windows Server 2012 R2","3135456","Important","Remote Code Execution","Windows Hyper-V Remote Code Execution Vulnerability","3087088"
"CVE-2016-0088","April 2016 Security Updates","2016-04-12T07:00:00Z","Windows Server 2012 R2 (Server Core installation)","3135456","Important","Remote Code Execution","Windows Hyper-V Remote Code Execution Vulnerability","3087088"
"CVE-2016-0088","April 2016 Security Updates","2016-04-12T07:00:00Z","Windows Server 2012","3135456","Important","Remote Code Execution","Windows Hyper-V Remote Code Execution Vulnerability","3087088"
"CVE-2016-0088","April 2016 Security Updates","2016-04-12T07:00:00Z","Windows Server 2012 (Server Core installation)","3135456","Important","Remote Code Execution","Windows Hyper-V Remote Code Execution Vulnerability","3087088"
"CVE-2016-0089","April 2016 Security Updates","2016-04-12T07:00:00Z","Windows 10 for x64-based Systems","3147461","Important","Information Disclosure","Windows Hyper-V Information Disclosure Vulnerability","3140745"
"CVE-2016-0089","April 2016 Security Updates","2016-04-12T07:00:00Z","Windows 8.1 for x64-based systems","3135456","Important","Information Disclosure","Windows Hyper-V Information Disclosure Vulnerability","3087088"
"CVE-2016-0089","April 2016 Security Updates","2016-04-12T07:00:00Z","Windows Server 2012 R2","3135456","Important","Information Disclosure","Windows Hyper-V Information Disclosure Vulnerability","3087088"
"CVE-2016-0089","April 2016 Security Updates","2016-04-12T07:00:00Z","Windows Server 2012 R2 (Server Core installation)","3135456","Important","Information Disclosure","Windows Hyper-V Information Disclosure Vulnerability","3087088"
"CVE-2016-0089","April 2016 Security Updates","2016-04-12T07:00:00Z","Windows Server 2012","3135456","Important","Information Disclosure","Windows Hyper-V Information Disclosure Vulnerability","3087088"
"CVE-2016-0089","April 2016 Security Updates","2016-04-12T07:00:00Z","Windows Server 2012 (Server Core installation)","3135456","Important","Information Disclosure","Windows Hyper-V Information Disclosure Vulnerability","3087088"
"CVE-2016-0090","April 2016 Security Updates","2016-04-12T07:00:00Z","Windows 10 for x64-based Systems","3147461","Important","Information Disclosure","Windows Hyper-V Information Disclosure Vulnerability","3140745"
"CVE-2016-0090","April 2016 Security Updates","2016-04-12T07:00:00Z","Windows 8.1 for x64-based systems","3135456","Important","Information Disclosure","Windows Hyper-V Information Disclosure Vulnerability","3087088"
"CVE-2016-0090","April 2016 Security Updates","2016-04-12T07:00:00Z","Windows Server 2012 R2 (Server Core installation)","3135456","Important","Information Disclosure","Windows Hyper-V Information Disclosure Vulnerability","3087088"
"CVE-2016-0090","April 2016 Security Updates","2016-04-12T07:00:00Z","Windows Server 2012 (Server Core installation)","3135456","Important","Information Disclosure","Windows Hyper-V Information Disclosure Vulnerability","3087088"
"CVE-2016-0128","April 2016 Security Updates","2016-04-12T07:00:00Z","Windows 10 for 32-bit Systems","3147461","Important","Elevation of Privilege","Windows SAM and LSAD Downgrade Vulnerability","3140745"
"CVE-2016-0128","April 2016 Security Updates","2016-04-12T07:00:00Z","Windows 10 for x64-based Systems","3147461","Important","Elevation of Privilege","Windows SAM and LSAD Downgrade Vulnerability","3140745"
"CVE-2016-0128","April 2016 Security Updates","2016-04-12T07:00:00Z","Windows 10 Version 1511 for 32-bit Systems","3147458","Important","Elevation of Privilege","Windows SAM and LSAD Downgrade Vulnerability","3140768"
"CVE-2016-0128","April 2016 Security Updates","2016-04-12T07:00:00Z","Windows 10 Version 1511 for x64-based Systems","3147458","Important","Elevation of Privilege","Windows SAM and LSAD Downgrade Vulnerability","3140768"
"CVE-2016-0128","April 2016 Security Updates","2016-04-12T07:00:00Z","Windows 7 for 32-bit Systems Service Pack 1","3149090","Important","Elevation of Privilege","Windows SAM and LSAD Downgrade Vulnerability","3101246"
"CVE-2016-0128","April 2016 Security Updates","2016-04-12T07:00:00Z","Windows 7 for x64-based Systems Service Pack 1","3149090","Important","Elevation of Privilege","Windows SAM and LSAD Downgrade Vulnerability","3101246"
"CVE-2016-0128","April 2016 Security Updates","2016-04-12T07:00:00Z","Windows 8.1 for 32-bit systems","3149090","Important","Elevation of Privilege","Windows SAM and LSAD Downgrade Vulnerability","3101246"
"CVE-2016-0128","April 2016 Security Updates","2016-04-12T07:00:00Z","Windows 8.1 for x64-based systems","3149090","Important","Elevation of Privilege","Windows SAM and LSAD Downgrade Vulnerability","3101246"
"CVE-2016-0128","April 2016 Security Updates","2016-04-12T07:00:00Z","Windows RT 8.1","3149090","Important","Elevation of Privilege","Windows SAM and LSAD Downgrade Vulnerability","3101246"
"CVE-2016-0128","April 2016 Security Updates","2016-04-12T07:00:00Z","Windows Server 2008 for 32-bit Systems Service Pack 2","3149090","Important","Elevation of Privilege","Windows SAM and LSAD Downgrade Vulnerability","3101246"
"CVE-2016-0128","April 2016 Security Updates","2016-04-12T07:00:00Z","Windows Server 2008 for 32-bit Systems Service Pack 2 (Server Core installation)","3149090","Important","Elevation of Privilege","Windows SAM and LSAD Downgrade Vulnerability","3101246"
"CVE-2016-0128","April 2016 Security Updates","2016-04-12T07:00:00Z","Windows Server 2008 for Itanium-Based Systems Service Pack 2","3149090","Important","Elevation of Privilege","Windows SAM and LSAD Downgrade Vulnerability","3101246"
"CVE-2016-0128","April 2016 Security Updates","2016-04-12T07:00:00Z","Windows Server 2008 for x64-based Systems Service Pack 2","3149090","Important","Elevation of Privilege","Windows SAM and LSAD Downgrade Vulnerability","3101246"
"CVE-2016-0128","April 2016 Security Updates","2016-04-12T07:00:00Z","Windows Server 2008 for x64-based Systems Service Pack 2 (Server Core installation)","3149090","Important","Elevation of Privilege","Windows SAM and LSAD Downgrade Vulnerability","3101246"
"CVE-2016-0128","April 2016 Security Updates","2016-04-12T07:00:00Z","Windows Server 2008 R2 for Itanium-Based Systems Service Pack 1","3149090","Important","Elevation of Privilege","Windows SAM and LSAD Downgrade Vulnerability","3101246"
"CVE-2016-0128","April 2016 Security Updates","2016-04-12T07:00:00Z","Windows Server 2008 R2 for x64-based Systems Service Pack 1","3149090","Important","Elevation of Privilege","Windows SAM and LSAD Downgrade Vulnerability","3101246"
"CVE-2016-0128","April 2016 Security Updates","2016-04-12T07:00:00Z","Windows Server 2008 R2 for x64-based Systems Service Pack 1 (Server Core installation)","3149090","Important","Elevation of Privilege","Windows SAM and LSAD Downgrade Vulnerability","3101246"
"CVE-2016-0128","April 2016 Security Updates","2016-04-12T07:00:00Z","Windows Server 2012","3149090","Important","Elevation of Privilege","Windows SAM and LSAD Downgrade Vulnerability","3101246"
"CVE-2016-0128","April 2016 Security Updates","2016-04-12T07:00:00Z","Windows Server 2012 (Server Core installation)","3149090","Important","Elevation of Privilege","Windows SAM and LSAD Downgrade Vulnerability","3101246"
"CVE-2016-0128","April 2016 Security Updates","2016-04-12T07:00:00Z","Windows Server 2012 R2","3149090","Important","Elevation of Privilege","Windows SAM and LSAD Downgrade Vulnerability","3101246"
"CVE-2016-0128","April 2016 Security Updates","2016-04-12T07:00:00Z","Windows Server 2012 R2 (Server Core installation)","3149090","Important","Elevation of Privilege","Windows SAM and LSAD Downgrade Vulnerability","3101246"
"CVE-2016-0128","April 2016 Security Updates","2016-04-12T07:00:00Z","Windows Vista Service Pack 2","3149090","Important","Elevation of Privilege","Windows SAM and LSAD Downgrade Vulnerability","3101246"
"CVE-2016-0128","April 2016 Security Updates","2016-04-12T07:00:00Z","Windows Vista x64 Edition Service Pack 2","3149090","Important","Elevation of Privilege","Windows SAM and LSAD Downgrade Vulnerability","3101246"
"CVE-2016-0135","April 2016 Security Updates","2016-04-12T07:00:00Z","Windows 10 for 32-bit Systems","3147461","Important","Elevation of Privilege","Secondary Logon Elevation of Privilege Vulnerability","3140745"
"CVE-2016-0135","April 2016 Security Updates","2016-04-12T07:00:00Z","Windows 10 for x64-based Systems","3147461","Important","Elevation of Privilege","Secondary Logon Elevation of Privilege Vulnerability","3140745"
"CVE-2016-0135","April 2016 Security Updates","2016-04-12T07:00:00Z","Windows 10 Version 1511 for 32-bit Systems","3147458","Important","Elevation of Privilege","Secondary Logon Elevation of Privilege Vulnerability","3140768"
"CVE-2016-0135","April 2016 Security Updates","2016-04-12T07:00:00Z","Windows 10 Version 1511 for x64-based Systems","3147458","Important","Elevation of Privilege","Secondary Logon Elevation of Privilege Vulnerability","3140768"
"CVE-2016-0122","April 2016 Security Updates","2016-04-12T07:00:00Z","Microsoft Word 2016 for Mac","3142577","Important","Remote Code Execution","Microsoft Office Remote Code Execution Vulnerability","3138327"
"CVE-2016-0122","April 2016 Security Updates","2016-04-12T07:00:00Z","Microsoft Excel 2007 Service Pack 3","3114892","Important","Remote Code Execution","Microsoft Office Remote Code Execution Vulnerability","3114741"
"CVE-2016-0122","April 2016 Security Updates","2016-04-12T07:00:00Z","Microsoft Excel 2010 Service Pack 2 (32-bit editions)","3114888","Important","Remote Code Execution","Microsoft Office Remote Code Execution Vulnerability","3114759"
"CVE-2016-0122","April 2016 Security Updates","2016-04-12T07:00:00Z","Microsoft Excel 2010 Service Pack 2 (64-bit editions)","3114888","Important","Remote Code Execution","Microsoft Office Remote Code Execution Vulnerability","3114759"
"CVE-2016-0122","April 2016 Security Updates","2016-04-12T07:00:00Z","Microsoft Excel 2013 Service Pack 1 (32-bit editions)","3114947","Important","Remote Code Execution","Microsoft Office Remote Code Execution Vulnerability","3114734"
"CVE-2016-0122","April 2016 Security Updates","2016-04-12T07:00:00Z","Microsoft Excel 2013 Service Pack 1 (64-bit editions)","3114947","Important","Remote Code Execution","Microsoft Office Remote Code Execution Vulnerability","3114734"
"CVE-2016-0122","April 2016 Security Updates","2016-04-12T07:00:00Z","Microsoft Excel 2013 RT Service Pack 1","3114947","Important","Remote Code Execution","Microsoft Office Remote Code Execution Vulnerability","3114734"
"CVE-2016-0122","April 2016 Security Updates","2016-04-12T07:00:00Z","Microsoft Office Compatibility Pack Service Pack 3","3114895","Important","Remote Code Execution","Microsoft Office Remote Code Execution Vulnerability","3114745"
"CVE-2016-0122","April 2016 Security Updates","2016-04-12T07:00:00Z","Microsoft Excel Viewer","3114898","Important","Remote Code Execution","Microsoft Office Remote Code Execution Vulnerability","3114747"
"CVE-2016-0122","April 2016 Security Updates","2016-04-12T07:00:00Z","Microsoft Excel 2016 (32-bit edition)","3114964","Important","Remote Code Execution","Microsoft Office Remote Code Execution Vulnerability","3114698"
"CVE-2016-0122","April 2016 Security Updates","2016-04-12T07:00:00Z","Microsoft Excel 2016 (64-bit edition)","3114964","Important","Remote Code Execution","Microsoft Office Remote Code Execution Vulnerability","3114698"
"CVE-2016-0127","April 2016 Security Updates","2016-04-12T07:00:00Z","Microsoft Office Word Viewer","3114987","Critical","Remote Code Execution","Microsoft Office Remote Code Execution Vulnerability","3114812"
"CVE-2016-0127","April 2016 Security Updates","2016-04-12T07:00:00Z","Microsoft Office Web Apps Server 2013 Service Pack 1","3114934","Critical","Remote Code Execution","Microsoft Office Remote Code Execution Vulnerability","3114821"
"CVE-2016-0127","April 2016 Security Updates","2016-04-12T07:00:00Z","Microsoft Office Web Apps 2010 Service Pack 2","3114994","Critical","Remote Code Execution","Microsoft Office Remote Code Execution Vulnerability","3114880"
"CVE-2016-0127","April 2016 Security Updates","2016-04-12T07:00:00Z","Microsoft Word 2007 Service Pack 3","3114983","Critical","Remote Code Execution","Microsoft Office Remote Code Execution Vulnerability","3114901"
"CVE-2016-0127","April 2016 Security Updates","2016-04-12T07:00:00Z","Microsoft Word 2010 Service Pack 2 (32-bit editions)","3114993","Critical","Remote Code Execution","Microsoft Office Remote Code Execution Vulnerability","3114878"
"CVE-2016-0127","April 2016 Security Updates","2016-04-12T07:00:00Z","Microsoft Word 2010 Service Pack 2 (64-bit editions)","3114993","Critical","Remote Code Execution","Microsoft Office Remote Code Execution Vulnerability","3114878"
"CVE-2016-0127","April 2016 Security Updates","2016-04-12T07:00:00Z","Microsoft Word 2013 RT Service Pack 1","3114937","Critical","Remote Code Execution","Microsoft Office Remote Code Execution Vulnerability","3114824"
"CVE-2016-0127","April 2016 Security Updates","2016-04-12T07:00:00Z","Microsoft Word 2013 Service Pack 1 (32-bit editions)","3114937","Critical","Remote Code Execution","Microsoft Office Remote Code Execution Vulnerability","3114824"
"CVE-2016-0127","April 2016 Security Updates","2016-04-12T07:00:00Z","Microsoft Word 2013 Service Pack 1 (64-bit editions)","3114937","Critical","Remote Code Execution","Microsoft Office Remote Code Execution Vulnerability","3114824"
"CVE-2016-0127","April 2016 Security Updates","2016-04-12T07:00:00Z","Microsoft Office Compatibility Pack Service Pack 3","3114982","Critical","Remote Code Execution","Microsoft Office Remote Code Execution Vulnerability","3114548"
"CVE-2016-0127","April 2016 Security Updates","2016-04-12T07:00:00Z","Microsoft Office 2010 Service Pack 2 (32-bit editions)","3114990","Critical","Remote Code Execution","Microsoft Office Remote Code Execution Vulnerability","3114873"
"CVE-2016-0127","April 2016 Security Updates","2016-04-12T07:00:00Z","Microsoft Office 2010 Service Pack 2 (64-bit editions)","3114990","Critical","Remote Code Execution","Microsoft Office Remote Code Execution Vulnerability","3114873"
"CVE-2016-0127","April 2016 Security Updates","2016-04-12T07:00:00Z","Word Automation Services on Microsoft SharePoint Server 2013 Service Pack 1","3114927","Critical","Remote Code Execution","Microsoft Office Remote Code Execution Vulnerability","3114814"
"CVE-2016-0127","April 2016 Security Updates","2016-04-12T07:00:00Z","Word Automation Services on Microsoft SharePoint Server 2010 Service Pack 2","3114988","Critical","Remote Code Execution","Microsoft Office Remote Code Execution Vulnerability","3114866"
"CVE-2016-0136","April 2016 Security Updates","2016-04-12T07:00:00Z","Microsoft Excel 2007 Service Pack 3","3114892","Important","Remote Code Execution","Microsoft Excel Remote Code Execution Vulnerability","3114741"
"CVE-2016-0136","April 2016 Security Updates","2016-04-12T07:00:00Z","Microsoft Excel 2010 Service Pack 2 (32-bit editions)","3114888","Important","Remote Code Execution","Microsoft Excel Remote Code Execution Vulnerability","3114759"
"CVE-2016-0136","April 2016 Security Updates","2016-04-12T07:00:00Z","Microsoft Excel 2010 Service Pack 2 (64-bit editions)","3114888","Important","Remote Code Execution","Microsoft Excel Remote Code Execution Vulnerability","3114759"
"CVE-2016-0136","April 2016 Security Updates","2016-04-12T07:00:00Z","Microsoft Office Compatibility Pack Service Pack 3","3114895","Important","Remote Code Execution","Microsoft Excel Remote Code Execution Vulnerability","3114745"
"CVE-2016-0136","April 2016 Security Updates","2016-04-12T07:00:00Z","Excel Services on Microsoft SharePoint Server 2007 Service Pack 3 (32-bit editions)","3114897","Important","Remote Code Execution","Microsoft Excel Remote Code Execution Vulnerability","3114432"
"CVE-2016-0136","April 2016 Security Updates","2016-04-12T07:00:00Z","Excel Services on Microsoft SharePoint Server 2007 Service Pack 3 (64-bit editions)","3114897","Important","Remote Code Execution","Microsoft Excel Remote Code Execution Vulnerability","3114432"
"CVE-2016-0136","April 2016 Security Updates","2016-04-12T07:00:00Z","Excel Services on Microsoft Sharepoint Server 2010 Service Pack 2 Bad","3114871","Important","Remote Code Execution","Microsoft Excel Remote Code Execution Vulnerability","3114401"
"CVE-2016-0139","April 2016 Security Updates","2016-04-12T07:00:00Z","Microsoft Word for Mac 2011","3154208","Important","Remote Code Execution","Microsoft Office Remote Code Execution Vulnerability","3138328"
"CVE-2016-0139","April 2016 Security Updates","2016-04-12T07:00:00Z","Microsoft Excel Viewer","3114898","Important","Remote Code Execution","Microsoft Office Remote Code Execution Vulnerability","3114747"
"CVE-2016-0139","April 2016 Security Updates","2016-04-12T07:00:00Z","Microsoft Excel 2010 Service Pack 2 (32-bit editions)","3114888","Important","Remote Code Execution","Microsoft Office Remote Code Execution Vulnerability","3114759"
"CVE-2016-0139","April 2016 Security Updates","2016-04-12T07:00:00Z","Microsoft Excel 2010 Service Pack 2 (64-bit editions)","3114888","Important","Remote Code Execution","Microsoft Office Remote Code Execution Vulnerability","3114759"
"CVE-2016-0143","April 2016 Security Updates","2018-04-10T07:00:00Z","Windows 10 for 32-bit Systems","3147461","Important","Elevation of Privilege","Win32k Elevation of Privilege Vulnerability","3140745"
"CVE-2016-0143","April 2016 Security Updates","2018-04-10T07:00:00Z","Windows 10 for x64-based Systems","3147461","Important","Elevation of Privilege","Win32k Elevation of Privilege Vulnerability","3140745"
"CVE-2016-0143","April 2016 Security Updates","2018-04-10T07:00:00Z","Windows 10 Version 1511 for 32-bit Systems","3147458","Important","Elevation of Privilege","Win32k Elevation of Privilege Vulnerability","3140768"
"CVE-2016-0143","April 2016 Security Updates","2018-04-10T07:00:00Z","Windows 10 Version 1511 for x64-based Systems","3147458","Important","Elevation of Privilege","Win32k Elevation of Privilege Vulnerability","3140768"
"CVE-2016-0143","April 2016 Security Updates","2018-04-10T07:00:00Z","Windows 7 for 32-bit Systems Service Pack 1","3145739","Important","Elevation of Privilege","Win32k Elevation of Privilege Vulnerability","3139852"
"CVE-2016-0143","April 2016 Security Updates","2018-04-10T07:00:00Z","Windows 7 for x64-based Systems Service Pack 1","3145739","Important","Elevation of Privilege","Win32k Elevation of Privilege Vulnerability","3139852"
"CVE-2016-0143","April 2016 Security Updates","2018-04-10T07:00:00Z","Windows 8.1 for 32-bit systems","3145739","Important","Elevation of Privilege","Win32k Elevation of Privilege Vulnerability","3139852"
"CVE-2016-0143","April 2016 Security Updates","2018-04-10T07:00:00Z","Windows 8.1 for x64-based systems","3145739","Important","Elevation of Privilege","Win32k Elevation of Privilege Vulnerability","3139852"
"CVE-2016-0143","April 2016 Security Updates","2018-04-10T07:00:00Z","Windows Server 2008 R2 for x64-based Systems Service Pack 1 (Server Core installation)","3145739","Important","Elevation of Privilege","Win32k Elevation of Privilege Vulnerability","3139852"
"CVE-2016-0143","April 2016 Security Updates","2018-04-10T07:00:00Z","Windows Server 2012","3145739","Important","Elevation of Privilege","Win32k Elevation of Privilege Vulnerability","3139852"
"CVE-2016-0143","April 2016 Security Updates","2018-04-10T07:00:00Z","Windows Server 2012 (Server Core installation)","3145739","Important","Elevation of Privilege","Win32k Elevation of Privilege Vulnerability","3139852"
"CVE-2016-0143","April 2016 Security Updates","2018-04-10T07:00:00Z","Windows Server 2012 R2","3145739","Important","Elevation of Privilege","Win32k Elevation of Privilege Vulnerability","3139852"
"CVE-2016-0143","April 2016 Security Updates","2018-04-10T07:00:00Z","Windows Server 2012 R2 (Server Core installation)","3145739","Important","Elevation of Privilege","Win32k Elevation of Privilege Vulnerability","3139852"
"CVE-2016-0143","April 2016 Security Updates","2018-04-10T07:00:00Z","Windows Vista Service Pack 2","3145739","Important","Elevation of Privilege","Win32k Elevation of Privilege Vulnerability","3139852"
"CVE-2016-0143","April 2016 Security Updates","2018-04-10T07:00:00Z","Windows Vista x64 Edition Service Pack 2","3145739","Important","Elevation of Privilege","Win32k Elevation of Privilege Vulnerability","3139852"
"CVE-2016-0143","April 2016 Security Updates","2018-04-10T07:00:00Z","Windows Server 2008 for 32-bit Systems Service Pack 2","3145739","Important","Elevation of Privilege","Win32k Elevation of Privilege Vulnerability","3139852"
"CVE-2016-0143","April 2016 Security Updates","2018-04-10T07:00:00Z","Windows Server 2008 for 32-bit Systems Service Pack 2 (Server Core installation)","3145739","Important","Elevation of Privilege","Win32k Elevation of Privilege Vulnerability","3139852"
"CVE-2016-0143","April 2016 Security Updates","2018-04-10T07:00:00Z","Windows Server 2008 for Itanium-Based Systems Service Pack 2","3145739","Important","Elevation of Privilege","Win32k Elevation of Privilege Vulnerability","3139852"
"CVE-2016-0143","April 2016 Security Updates","2018-04-10T07:00:00Z","Windows Server 2008 for x64-based Systems Service Pack 2","3145739","Important","Elevation of Privilege","Win32k Elevation of Privilege Vulnerability","3139852"
"CVE-2016-0143","April 2016 Security Updates","2018-04-10T07:00:00Z","Windows Server 2008 for x64-based Systems Service Pack 2 (Server Core installation)","3145739","Important","Elevation of Privilege","Win32k Elevation of Privilege Vulnerability","3139852"
"CVE-2016-0143","April 2016 Security Updates","2018-04-10T07:00:00Z","Windows Server 2008 R2 for Itanium-Based Systems Service Pack 1","3145739","Important","Elevation of Privilege","Win32k Elevation of Privilege Vulnerability","3139852"
"CVE-2016-0143","April 2016 Security Updates","2018-04-10T07:00:00Z","Windows Server 2008 R2 for x64-based Systems Service Pack 1","3145739","Important","Elevation of Privilege","Win32k Elevation of Privilege Vulnerability","3139852"
"CVE-2016-0143","April 2016 Security Updates","2018-04-10T07:00:00Z","Windows RT 8.1","3145739","Important","Elevation of Privilege","Win32k Elevation of Privilege Vulnerability","3139852"
"CVE-2016-0143","April 2016 Security Updates","2018-04-10T07:00:00Z","Windows 10 Version 1709 for 32-bit Systems","4093112","Important","Elevation of Privilege","Win32k Elevation of Privilege Vulnerability","4088776"
"CVE-2016-0143","April 2016 Security Updates","2018-04-10T07:00:00Z","Windows 10 Version 1709 for x64-based Systems","4093112","Important","Elevation of Privilege","Win32k Elevation of Privilege Vulnerability","4088776"
"CVE-2016-0145","April 2016 Security Updates","2016-06-14T07:00:00Z","Microsoft Live Meeting 2007 Console","3144432","Critical","Remote Code Execution","GDI+ Remote Code Execution Vulnerability","3115875"
"CVE-2016-0145","April 2016 Security Updates","2016-06-14T07:00:00Z","Windows 10 for 32-bit Systems","3147461","Critical","Remote Code Execution","GDI+ Remote Code Execution Vulnerability","3140745"
"CVE-2016-0145","April 2016 Security Updates","2016-06-14T07:00:00Z","Windows 10 for x64-based Systems","3147461","Critical","Remote Code Execution","GDI+ Remote Code Execution Vulnerability","3140745"
"CVE-2016-0145","April 2016 Security Updates","2016-06-14T07:00:00Z","Microsoft .NET Framework 3.5 on Windows 10 for 32-bit Systems","3147461","Critical","Remote Code Execution","GDI+ Remote Code Execution Vulnerability","3140745"
"CVE-2016-0145","April 2016 Security Updates","2016-06-14T07:00:00Z","Microsoft .NET Framework 3.5 on Windows 10 for x64-based Systems","3147461","Critical","Remote Code Execution","GDI+ Remote Code Execution Vulnerability","3140745"
"CVE-2016-0145","April 2016 Security Updates","2016-06-14T07:00:00Z","Windows 10 Version 1511 for 32-bit Systems","3147458","Critical","Remote Code Execution","GDI+ Remote Code Execution Vulnerability","3140768"
"CVE-2016-0145","April 2016 Security Updates","2016-06-14T07:00:00Z","Windows 10 Version 1511 for x64-based Systems","3147458","Critical","Remote Code Execution","GDI+ Remote Code Execution Vulnerability","3140768"
"CVE-2016-0145","April 2016 Security Updates","2016-06-14T07:00:00Z","Microsoft .NET Framework 3.5 on Windows 10 Version 1511 for 32-bit Systems","3147458","Critical","Remote Code Execution","GDI+ Remote Code Execution Vulnerability","3140768"
"CVE-2016-0145","April 2016 Security Updates","2016-06-14T07:00:00Z","Microsoft .NET Framework 3.5 on Windows 10 Version 1511 for x64-based Systems","3147458","Critical","Remote Code Execution","GDI+ Remote Code Execution Vulnerability","3140768"
"CVE-2016-0145","April 2016 Security Updates","2016-06-14T07:00:00Z","Microsoft Office 2007 Service Pack 3","3114542","Important","Remote Code Execution","GDI+ Remote Code Execution Vulnerability","3085616"
"CVE-2016-0145","April 2016 Security Updates","2016-06-14T07:00:00Z","Microsoft Word 2007 Service Pack 3","3114542","Important","Remote Code Execution","GDI+ Remote Code Execution Vulnerability","3085616"
"CVE-2016-0145","April 2016 Security Updates","2016-06-14T07:00:00Z","Microsoft Office 2010 Service Pack 2 (32-bit editions)","3114566","Important","Remote Code Execution","GDI+ Remote Code Execution Vulnerability","3085612"
"CVE-2016-0145","April 2016 Security Updates","2016-06-14T07:00:00Z","Microsoft Office 2010 Service Pack 2 (64-bit editions)","3114566","Important","Remote Code Execution","GDI+ Remote Code Execution Vulnerability","3085612"
"CVE-2016-0145","April 2016 Security Updates","2016-06-14T07:00:00Z","Microsoft Word 2010 Service Pack 2 (32-bit editions)","3114566","Important","Remote Code Execution","GDI+ Remote Code Execution Vulnerability","3085612"
"CVE-2016-0145","April 2016 Security Updates","2016-06-14T07:00:00Z","Microsoft Word 2010 Service Pack 2 (64-bit editions)","3114566","Important","Remote Code Execution","GDI+ Remote Code Execution Vulnerability","3085612"
"CVE-2016-0145","April 2016 Security Updates","2016-06-14T07:00:00Z","Windows 7 for 32-bit Systems Service Pack 1","3145739","Critical","Remote Code Execution","GDI+ Remote Code Execution Vulnerability","3139852"
"CVE-2016-0145","April 2016 Security Updates","2016-06-14T07:00:00Z","Windows 7 for x64-based Systems Service Pack 1","3145739","Critical","Remote Code Execution","GDI+ Remote Code Execution Vulnerability","3139852"
"CVE-2016-0145","April 2016 Security Updates","2016-06-14T07:00:00Z","Windows 8.1 for 32-bit systems","3145739","Critical","Remote Code Execution","GDI+ Remote Code Execution Vulnerability","3139852"
"CVE-2016-0145","April 2016 Security Updates","2016-06-14T07:00:00Z","Windows 8.1 for x64-based systems","3145739","Critical","Remote Code Execution","GDI+ Remote Code Execution Vulnerability","3139852"
"CVE-2016-0145","April 2016 Security Updates","2016-06-14T07:00:00Z","Windows Server 2008 R2 for x64-based Systems Service Pack 1 (Server Core installation)","3145739","Critical","Remote Code Execution","GDI+ Remote Code Execution Vulnerability","3139852"
"CVE-2016-0145","April 2016 Security Updates","2016-06-14T07:00:00Z","Windows Server 2012","3145739","Critical","Remote Code Execution","GDI+ Remote Code Execution Vulnerability","3139852"
"CVE-2016-0145","April 2016 Security Updates","2016-06-14T07:00:00Z","Windows Server 2012 (Server Core installation)","3145739","Critical","Remote Code Execution","GDI+ Remote Code Execution Vulnerability","3139852"
"CVE-2016-0145","April 2016 Security Updates","2016-06-14T07:00:00Z","Windows Server 2012 R2","3145739","Critical","Remote Code Execution","GDI+ Remote Code Execution Vulnerability","3139852"
"CVE-2016-0145","April 2016 Security Updates","2016-06-14T07:00:00Z","Windows Server 2012 R2 (Server Core installation)","3145739","Critical","Remote Code Execution","GDI+ Remote Code Execution Vulnerability","3139852"
"CVE-2016-0145","April 2016 Security Updates","2016-06-14T07:00:00Z","Windows Vista Service Pack 2","3145739","Critical","Remote Code Execution","GDI+ Remote Code Execution Vulnerability","3139852"
"CVE-2016-0145","April 2016 Security Updates","2016-06-14T07:00:00Z","Windows Vista x64 Edition Service Pack 2","3145739","Critical","Remote Code Execution","GDI+ Remote Code Execution Vulnerability","3139852"
"CVE-2016-0145","April 2016 Security Updates","2016-06-14T07:00:00Z","Windows Server 2008 for 32-bit Systems Service Pack 2","3145739","Critical","Remote Code Execution","GDI+ Remote Code Execution Vulnerability","3139852"
"CVE-2016-0145","April 2016 Security Updates","2016-06-14T07:00:00Z","Windows Server 2008 for 32-bit Systems Service Pack 2 (Server Core installation)","3145739","Critical","Remote Code Execution","GDI+ Remote Code Execution Vulnerability","3139852"
"CVE-2016-0145","April 2016 Security Updates","2016-06-14T07:00:00Z","Windows Server 2008 for Itanium-Based Systems Service Pack 2","3145739","Critical","Remote Code Execution","GDI+ Remote Code Execution Vulnerability","3139852"
"CVE-2016-0145","April 2016 Security Updates","2016-06-14T07:00:00Z","Windows Server 2008 for x64-based Systems Service Pack 2","3145739","Critical","Remote Code Execution","GDI+ Remote Code Execution Vulnerability","3139852"
"CVE-2016-0145","April 2016 Security Updates","2016-06-14T07:00:00Z","Windows Server 2008 for x64-based Systems Service Pack 2 (Server Core installation)","3145739","Critical","Remote Code Execution","GDI+ Remote Code Execution Vulnerability","3139852"
"CVE-2016-0145","April 2016 Security Updates","2016-06-14T07:00:00Z","Windows Server 2008 R2 for Itanium-Based Systems Service Pack 1","3145739","Critical","Remote Code Execution","GDI+ Remote Code Execution Vulnerability","3139852"
"CVE-2016-0145","April 2016 Security Updates","2016-06-14T07:00:00Z","Windows Server 2008 R2 for x64-based Systems Service Pack 1","3145739","Critical","Remote Code Execution","GDI+ Remote Code Execution Vulnerability","3139852"
"CVE-2016-0145","April 2016 Security Updates","2016-06-14T07:00:00Z","Windows RT 8.1","3145739","Critical","Remote Code Execution","GDI+ Remote Code Execution Vulnerability","3139852"
"CVE-2016-0145","April 2016 Security Updates","2016-06-14T07:00:00Z","Microsoft Lync 2013 Service Pack 1 (32-bit)","3114944","Critical","Remote Code Execution","GDI+ Remote Code Execution Vulnerability","3114351"
"CVE-2016-0145","April 2016 Security Updates","2016-06-14T07:00:00Z","Microsoft Lync Basic 2013 Service Pack 1 (32-bit)","3114944","Critical","Remote Code Execution","GDI+ Remote Code Execution Vulnerability","3114351"
"CVE-2016-0145","April 2016 Security Updates","2016-06-14T07:00:00Z","Microsoft Lync 2013 Service Pack 1 (64-bit)","3114944","Critical","Remote Code Execution","GDI+ Remote Code Execution Vulnerability","3114351"
"CVE-2016-0145","April 2016 Security Updates","2016-06-14T07:00:00Z","Microsoft Lync Basic 2013 Service Pack 1 (64-bit)","3114944","Critical","Remote Code Execution","GDI+ Remote Code Execution Vulnerability","3114351"
"CVE-2016-0145","April 2016 Security Updates","2016-06-14T07:00:00Z","Microsoft Lync 2010 Attendee (admin level install)","3144429","Critical","Remote Code Execution","GDI+ Remote Code Execution Vulnerability","3115873"
"CVE-2016-0145","April 2016 Security Updates","2016-06-14T07:00:00Z","Microsoft Lync 2010 (32-bit)","3144427","Critical","Remote Code Execution","GDI+ Remote Code Execution Vulnerability","3115871"
"CVE-2016-0145","April 2016 Security Updates","2016-06-14T07:00:00Z","Microsoft Lync 2010 (64-bit)","3144427","Critical","Remote Code Execution","GDI+ Remote Code Execution Vulnerability","3115871"
"CVE-2016-0145","April 2016 Security Updates","2016-06-14T07:00:00Z","Microsoft Lync 2010 Attendee (user level install)","3144428","Critical","Remote Code Execution","GDI+ Remote Code Execution Vulnerability","3115872"
"CVE-2016-0145","April 2016 Security Updates","2016-06-14T07:00:00Z","Skype for Business 2016 (32-bit)","3114960","Critical","Remote Code Execution","GDI+ Remote Code Execution Vulnerability","3114372"
"CVE-2016-0145","April 2016 Security Updates","2016-06-14T07:00:00Z","Skype for Business 2016 (64-bit)","3114960","Critical","Remote Code Execution","GDI+ Remote Code Execution Vulnerability","3114372"
"CVE-2016-0145","April 2016 Security Updates","2016-06-14T07:00:00Z","Skype for Business 2016 Basic (32-bit)","3114960","Critical","Remote Code Execution","GDI+ Remote Code Execution Vulnerability","3114372"
"CVE-2016-0145","April 2016 Security Updates","2016-06-14T07:00:00Z","Skype for Business 2016 Basic (64-bit)","3114960","Critical","Remote Code Execution","GDI+ Remote Code Execution Vulnerability","3114372"
"CVE-2016-0145","April 2016 Security Updates","2016-06-14T07:00:00Z","Microsoft Office Word Viewer","3114985","Important","Remote Code Execution","GDI+ Remote Code Execution Vulnerability","3114478"
"CVE-2016-0145","April 2016 Security Updates","2016-06-14T07:00:00Z","Microsoft .NET Framework 3.5 on Windows 8.1 for 32-bit systems","3142045","Critical","Remote Code Execution","GDI+ Remote Code Execution Vulnerability","3135991"
"CVE-2016-0145","April 2016 Security Updates","2016-06-14T07:00:00Z","Microsoft .NET Framework 3.5 on Windows 8.1 for x64-based systems","3142045","Critical","Remote Code Execution","GDI+ Remote Code Execution Vulnerability","3135991"
"CVE-2016-0145","April 2016 Security Updates","2016-06-14T07:00:00Z","Microsoft .NET Framework 3.5 on Windows Server 2012 R2","3142045","Critical","Remote Code Execution","GDI+ Remote Code Execution Vulnerability","3135991"
"CVE-2016-0145","April 2016 Security Updates","2016-06-14T07:00:00Z","Microsoft .NET Framework 3.5 on Windows Server 2012 R2 (Server Core installation)","3142045","Critical","Remote Code Execution","GDI+ Remote Code Execution Vulnerability","3135991"
"CVE-2016-0145","April 2016 Security Updates","2016-06-14T07:00:00Z","Microsoft .NET Framework 3.5.1 on Windows 7 for 32-bit Systems Service Pack 1","3142042","Critical","Remote Code Execution","GDI+ Remote Code Execution Vulnerability","3135988"
"CVE-2016-0145","April 2016 Security Updates","2016-06-14T07:00:00Z","Microsoft .NET Framework 3.5.1 on Windows Server 2008 R2 for x64-based Systems Service Pack 1","3142042","Critical","Remote Code Execution","GDI+ Remote Code Execution Vulnerability","3135988"
"CVE-2016-0145","April 2016 Security Updates","2016-06-14T07:00:00Z","Microsoft .NET Framework 3.5.1 on Windows Server 2008 R2 for x64-based Systems Service Pack 1 (Server Core installation)","3142042","Critical","Remote Code Execution","GDI+ Remote Code Execution Vulnerability","3135988"
"CVE-2016-0145","April 2016 Security Updates","2016-06-14T07:00:00Z","Microsoft .NET Framework 3.5.1 on Windows 7 for x64-based Systems Service Pack 1","3142042","Critical","Remote Code Execution","GDI+ Remote Code Execution Vulnerability","3135988"
"CVE-2016-0145","April 2016 Security Updates","2016-06-14T07:00:00Z","Microsoft .NET Framework 3.0 Service Pack 2 on Windows Vista Service Pack 2","3142041","Critical","Remote Code Execution","GDI+ Remote Code Execution Vulnerability","3135987"
"CVE-2016-0145","April 2016 Security Updates","2016-06-14T07:00:00Z","Microsoft .NET Framework 3.0 Service Pack 2 on Windows Server 2008 for x64-based Systems Service Pack 2","3142041","Critical","Remote Code Execution","GDI+ Remote Code Execution Vulnerability","3135987"
"CVE-2016-0145","April 2016 Security Updates","2016-06-14T07:00:00Z","Microsoft .NET Framework 3.0 Service Pack 2 on Windows Vista x64 Edition Service Pack 2","3142041","Critical","Remote Code Execution","GDI+ Remote Code Execution Vulnerability","3135987"
"CVE-2016-0145","April 2016 Security Updates","2016-06-14T07:00:00Z","Microsoft .NET Framework 3.0 Service Pack 2 on Windows Server 2008 for 32-bit Systems Service Pack 2","3142041","Critical","Remote Code Execution","GDI+ Remote Code Execution Vulnerability","3135987"
"CVE-2016-0145","April 2016 Security Updates","2016-06-14T07:00:00Z","Microsoft .NET Framework 3.5 on Windows Server 2012 (Server Core installation)","3142043","Critical","Remote Code Execution","GDI+ Remote Code Execution Vulnerability","3135989"
"CVE-2016-0145","April 2016 Security Updates","2016-06-14T07:00:00Z","Microsoft .NET Framework 3.5 on Windows Server 2012","3142043","Critical","Remote Code Execution","GDI+ Remote Code Execution Vulnerability","3135989"
"CVE-2016-0148","April 2016 Security Updates","2016-04-12T07:00:00Z","Microsoft .NET Framework 4.6 on Windows Vista Service Pack 2","3143693","Important","Remote Code Execution",".NET Framework Remote Code Execution Vulnerability","3083186"
"CVE-2016-0148","April 2016 Security Updates","2016-04-12T07:00:00Z","Microsoft .NET Framework 4.6 on Windows Vista x64 Edition Service Pack 2","3143693","Important","Remote Code Execution",".NET Framework Remote Code Execution Vulnerability","3083186"
"CVE-2016-0148","April 2016 Security Updates","2016-04-12T07:00:00Z","Microsoft .NET Framework 4.6 on Windows Server 2008 for 32-bit Systems Service Pack 2","3143693","Important","Remote Code Execution",".NET Framework Remote Code Execution Vulnerability","3083186"
"CVE-2016-0148","April 2016 Security Updates","2016-04-12T07:00:00Z","Microsoft .NET Framework 4.6 on Windows Server 2008 for x64-based Systems Service Pack 2","3143693","Important","Remote Code Execution",".NET Framework Remote Code Execution Vulnerability","3083186"
"CVE-2016-0148","April 2016 Security Updates","2016-04-12T07:00:00Z","Microsoft .NET Framework 4.6/4.6.1 on Windows 7 for 32-bit Systems Service Pack 1","3143693","Important","Remote Code Execution",".NET Framework Remote Code Execution Vulnerability","3083186"
"CVE-2016-0148","April 2016 Security Updates","2016-04-12T07:00:00Z","Microsoft .NET Framework 4.6/4.6.1 on Windows 7 for x64-based Systems Service Pack 1","3143693","Important","Remote Code Execution",".NET Framework Remote Code Execution Vulnerability","3083186"
"CVE-2016-0148","April 2016 Security Updates","2016-04-12T07:00:00Z","Microsoft .NET Framework 4.6/4.6.1 on Windows Server 2008 R2 for x64-based Systems Service Pack 1","3143693","Important","Remote Code Execution",".NET Framework Remote Code Execution Vulnerability","3083186"
"CVE-2016-0148","April 2016 Security Updates","2016-04-12T07:00:00Z","Microsoft .NET Framework 4.6/4.6.1 on Windows Server 2008 R2 for x64-based Systems Service Pack 1 (Server Core installation)","3143693","Important","Remote Code Execution",".NET Framework Remote Code Execution Vulnerability","3083186"
"CVE-2016-0150","April 2016 Security Updates","2016-04-12T07:00:00Z","Windows 10 for 32-bit Systems","3147461","Important","Denial of Service","HTTP.sys Denial of Service Vulnerability","3140745"
"CVE-2016-0150","April 2016 Security Updates","2016-04-12T07:00:00Z","Windows 10 for x64-based Systems","3147461","Important","Denial of Service","HTTP.sys Denial of Service Vulnerability","3140745"
"CVE-2016-0150","April 2016 Security Updates","2016-04-12T07:00:00Z","Windows 10 Version 1511 for 32-bit Systems","3147458","Important","Denial of Service","HTTP.sys Denial of Service Vulnerability","3140768"
"CVE-2016-0150","April 2016 Security Updates","2016-04-12T07:00:00Z","Windows 10 Version 1511 for x64-based Systems","3147458","Important","Denial of Service","HTTP.sys Denial of Service Vulnerability","3140768"
"CVE-2016-0151","April 2016 Security Updates","2016-04-12T07:00:00Z","Windows 10 for 32-bit Systems","3147461","Important","Security Feature Bypass","Windows CSRSS Security Feature Bypass Vulnerability","3140745"
"CVE-2016-0151","April 2016 Security Updates","2016-04-12T07:00:00Z","Windows 10 for x64-based Systems","3147461","Important","Security Feature Bypass","Windows CSRSS Security Feature Bypass Vulnerability","3140745"
"CVE-2016-0151","April 2016 Security Updates","2016-04-12T07:00:00Z","Windows 10 Version 1511 for 32-bit Systems","3147458","Important","Security Feature Bypass","Windows CSRSS Security Feature Bypass Vulnerability","3140768"
"CVE-2016-0151","April 2016 Security Updates","2016-04-12T07:00:00Z","Windows 10 Version 1511 for x64-based Systems","3147458","Important","Security Feature Bypass","Windows CSRSS Security Feature Bypass Vulnerability","3140768"
"CVE-2016-0151","April 2016 Security Updates","2016-04-12T07:00:00Z","Windows 8.1 for 32-bit systems","3146723","Important","Security Feature Bypass","Windows CSRSS Security Feature Bypass Vulnerability","3121212"
"CVE-2016-0151","April 2016 Security Updates","2016-04-12T07:00:00Z","Windows 8.1 for x64-based systems","3146723","Important","Security Feature Bypass","Windows CSRSS Security Feature Bypass Vulnerability","3121212"
"CVE-2016-0151","April 2016 Security Updates","2016-04-12T07:00:00Z","Windows RT 8.1","3146723","Important","Security Feature Bypass","Windows CSRSS Security Feature Bypass Vulnerability","3121212"
"CVE-2016-0151","April 2016 Security Updates","2016-04-12T07:00:00Z","Windows Server 2012","3146723","Important","Security Feature Bypass","Windows CSRSS Security Feature Bypass Vulnerability","3121212"
"CVE-2016-0151","April 2016 Security Updates","2016-04-12T07:00:00Z","Windows Server 2012 (Server Core installation)","3146723","Important","Security Feature Bypass","Windows CSRSS Security Feature Bypass Vulnerability","3121212"
"CVE-2016-0151","April 2016 Security Updates","2016-04-12T07:00:00Z","Windows Server 2012 R2","3146723","Important","Security Feature Bypass","Windows CSRSS Security Feature Bypass Vulnerability","3121212"
"CVE-2016-0151","April 2016 Security Updates","2016-04-12T07:00:00Z","Windows Server 2012 R2 (Server Core installation)","3146723","Important","Security Feature Bypass","Windows CSRSS Security Feature Bypass Vulnerability","3121212"
"CVE-2016-0153","April 2016 Security Updates","2016-04-12T07:00:00Z","Windows RT 8.1","3146706","Important","Remote Code Execution","Windows OLE Remote Code Execution Vulnerability","3072633"
"CVE-2016-0153","April 2016 Security Updates","2016-04-12T07:00:00Z","Windows Vista Service Pack 2","3146706","Important","Remote Code Execution","Windows OLE Remote Code Execution Vulnerability","3072633"
"CVE-2016-0153","April 2016 Security Updates","2016-04-12T07:00:00Z","Windows Vista x64 Edition Service Pack 2","3146706","Important","Remote Code Execution","Windows OLE Remote Code Execution Vulnerability","3072633"
"CVE-2016-0153","April 2016 Security Updates","2016-04-12T07:00:00Z","Windows 7 for 32-bit Systems Service Pack 1","3146706","Important","Remote Code Execution","Windows OLE Remote Code Execution Vulnerability","3072633"
"CVE-2016-0153","April 2016 Security Updates","2016-04-12T07:00:00Z","Windows 7 for x64-based Systems Service Pack 1","3146706","Important","Remote Code Execution","Windows OLE Remote Code Execution Vulnerability","3072633"
"CVE-2016-0153","April 2016 Security Updates","2016-04-12T07:00:00Z","Windows 8.1 for 32-bit systems","3146706","Important","Remote Code Execution","Windows OLE Remote Code Execution Vulnerability","3072633"
"CVE-2016-0153","April 2016 Security Updates","2016-04-12T07:00:00Z","Windows 8.1 for x64-based systems","3146706","Important","Remote Code Execution","Windows OLE Remote Code Execution Vulnerability","3072633"
"CVE-2016-0153","April 2016 Security Updates","2016-04-12T07:00:00Z","Windows Server 2008 for 32-bit Systems Service Pack 2","3146706","Important","Remote Code Execution","Windows OLE Remote Code Execution Vulnerability","3072633"
"CVE-2016-0153","April 2016 Security Updates","2016-04-12T07:00:00Z","Windows Server 2008 for 32-bit Systems Service Pack 2 (Server Core installation)","3146706","Important","Remote Code Execution","Windows OLE Remote Code Execution Vulnerability","3072633"
"CVE-2016-0153","April 2016 Security Updates","2016-04-12T07:00:00Z","Windows Server 2008 for Itanium-Based Systems Service Pack 2","3146706","Important","Remote Code Execution","Windows OLE Remote Code Execution Vulnerability","3072633"
"CVE-2016-0153","April 2016 Security Updates","2016-04-12T07:00:00Z","Windows Server 2008 for x64-based Systems Service Pack 2","3146706","Important","Remote Code Execution","Windows OLE Remote Code Execution Vulnerability","3072633"
"CVE-2016-0153","April 2016 Security Updates","2016-04-12T07:00:00Z","Windows Server 2008 for x64-based Systems Service Pack 2 (Server Core installation)","3146706","Important","Remote Code Execution","Windows OLE Remote Code Execution Vulnerability","3072633"
"CVE-2016-0153","April 2016 Security Updates","2016-04-12T07:00:00Z","Windows Server 2008 R2 for Itanium-Based Systems Service Pack 1","3146706","Important","Remote Code Execution","Windows OLE Remote Code Execution Vulnerability","3072633"
"CVE-2016-0153","April 2016 Security Updates","2016-04-12T07:00:00Z","Windows Server 2008 R2 for x64-based Systems Service Pack 1","3146706","Important","Remote Code Execution","Windows OLE Remote Code Execution Vulnerability","3072633"
"CVE-2016-0153","April 2016 Security Updates","2016-04-12T07:00:00Z","Windows Server 2008 R2 for x64-based Systems Service Pack 1 (Server Core installation)","3146706","Important","Remote Code Execution","Windows OLE Remote Code Execution Vulnerability","3072633"
"CVE-2016-0153","April 2016 Security Updates","2016-04-12T07:00:00Z","Windows Server 2012","3146706","Important","Remote Code Execution","Windows OLE Remote Code Execution Vulnerability","3072633"
"CVE-2016-0153","April 2016 Security Updates","2016-04-12T07:00:00Z","Windows Server 2012 (Server Core installation)","3146706","Important","Remote Code Execution","Windows OLE Remote Code Execution Vulnerability","3072633"
"CVE-2016-0153","April 2016 Security Updates","2016-04-12T07:00:00Z","Windows Server 2012 R2","3146706","Important","Remote Code Execution","Windows OLE Remote Code Execution Vulnerability","3072633"
"CVE-2016-0153","April 2016 Security Updates","2016-04-12T07:00:00Z","Windows Server 2012 R2 (Server Core installation)","3146706","Important","Remote Code Execution","Windows OLE Remote Code Execution Vulnerability","3072633"
"CVE-2016-0154","April 2016 Security Updates","2016-04-12T07:00:00Z","Internet Explorer 11 on Windows 7 for 32-bit Systems Service Pack 1","3148198","Critical","Remote Code Execution","Microsoft Browser Memory Corruption Vulnerability","3139929"
"CVE-2016-0154","April 2016 Security Updates","2016-04-12T07:00:00Z","Internet Explorer 11 on Windows 7 for x64-based Systems Service Pack 1","3148198","Critical","Remote Code Execution","Microsoft Browser Memory Corruption Vulnerability","3139929"
"CVE-2016-0154","April 2016 Security Updates","2016-04-12T07:00:00Z","Internet Explorer 10 on Windows Server 2012","3148198","Moderate","Remote Code Execution","Microsoft Browser Memory Corruption Vulnerability","3139929"
"CVE-2016-0154","April 2016 Security Updates","2016-04-12T07:00:00Z","Internet Explorer 9 on Windows Vista x64 Edition Service Pack 2","3148198","Critical","Remote Code Execution","Microsoft Browser Memory Corruption Vulnerability","3139929"
"CVE-2016-0154","April 2016 Security Updates","2016-04-12T07:00:00Z","Internet Explorer 9 on Windows Vista Service Pack 2","3148198","Critical","Remote Code Execution","Microsoft Browser Memory Corruption Vulnerability","3139929"
"CVE-2016-0154","April 2016 Security Updates","2016-04-12T07:00:00Z","Internet Explorer 9 on Windows Server 2008 for 32-bit Systems Service Pack 2","3148198","Moderate","Remote Code Execution","Microsoft Browser Memory Corruption Vulnerability","3139929"
"CVE-2016-0154","April 2016 Security Updates","2016-04-12T07:00:00Z","Internet Explorer 9 on Windows Server 2008 for x64-based Systems Service Pack 2","3148198","Moderate","Remote Code Execution","Microsoft Browser Memory Corruption Vulnerability","3139929"
"CVE-2016-0154","April 2016 Security Updates","2016-04-12T07:00:00Z","Internet Explorer 11 on Windows 8.1 for 32-bit systems","3148198","Critical","Remote Code Execution","Microsoft Browser Memory Corruption Vulnerability","3139929"
"CVE-2016-0154","April 2016 Security Updates","2016-04-12T07:00:00Z","Internet Explorer 11 on Windows 8.1 for x64-based systems","3148198","Critical","Remote Code Execution","Microsoft Browser Memory Corruption Vulnerability","3139929"
"CVE-2016-0154","April 2016 Security Updates","2016-04-12T07:00:00Z","Internet Explorer 11 on Windows Server 2012 R2","3148198","Moderate","Remote Code Execution","Microsoft Browser Memory Corruption Vulnerability","3139929"
"CVE-2016-0154","April 2016 Security Updates","2016-04-12T07:00:00Z","Internet Explorer 11 on Windows RT 8.1","3148198","Critical","Remote Code Execution","Microsoft Browser Memory Corruption Vulnerability","3139929"
"CVE-2016-0154","April 2016 Security Updates","2016-04-12T07:00:00Z","Internet Explorer 11 on Windows Server 2008 R2 for x64-based Systems Service Pack 1","3148198","Moderate","Remote Code Execution","Microsoft Browser Memory Corruption Vulnerability","3139929"
"CVE-2016-0154","April 2016 Security Updates","2016-04-12T07:00:00Z","Internet Explorer 11 on Windows 10 for 32-bit Systems","3147461","Critical","Remote Code Execution","Microsoft Browser Memory Corruption Vulnerability","3140745"
"CVE-2016-0154","April 2016 Security Updates","2016-04-12T07:00:00Z","Internet Explorer 11 on Windows 10 for x64-based Systems","3147461","Critical","Remote Code Execution","Microsoft Browser Memory Corruption Vulnerability","3140745"
"CVE-2016-0154","April 2016 Security Updates","2016-04-12T07:00:00Z","Microsoft Edge (EdgeHTML-based) on Windows 10 for 32-bit Systems","3147461","Critical","Remote Code Execution","Microsoft Browser Memory Corruption Vulnerability","3140745"
"CVE-2016-0154","April 2016 Security Updates","2016-04-12T07:00:00Z","Microsoft Edge (EdgeHTML-based) on Windows 10 for x64-based Systems","3147461","Critical","Remote Code Execution","Microsoft Browser Memory Corruption Vulnerability","3140745"
"CVE-2016-0154","April 2016 Security Updates","2016-04-12T07:00:00Z","Internet Explorer 11 on Windows 10 Version 1511 for 32-bit Systems","3147458","Critical","Remote Code Execution","Microsoft Browser Memory Corruption Vulnerability","3140768"
"CVE-2016-0154","April 2016 Security Updates","2016-04-12T07:00:00Z","Internet Explorer 11 on Windows 10 Version 1511 for x64-based Systems","3147458","Critical","Remote Code Execution","Microsoft Browser Memory Corruption Vulnerability","3140768"
"CVE-2016-0154","April 2016 Security Updates","2016-04-12T07:00:00Z","Microsoft Edge (EdgeHTML-based) on Windows 10 Version 1511 for 32-bit Systems","3147458","Critical","Remote Code Execution","Microsoft Browser Memory Corruption Vulnerability","3140768"
"CVE-2016-0154","April 2016 Security Updates","2016-04-12T07:00:00Z","Microsoft Edge (EdgeHTML-based) on Windows 10 Version 1511 for x64-based Systems","3147458","Critical","Remote Code Execution","Microsoft Browser Memory Corruption Vulnerability","3140768"
"CVE-2016-0155","April 2016 Security Updates","2016-04-12T07:00:00Z","Microsoft Edge (EdgeHTML-based) on Windows 10 Version 1511 for 32-bit Systems","3147458","Critical","Remote Code Execution","Microsoft Edge Memory Corruption Vulnerability","3140768"
"CVE-2016-0155","April 2016 Security Updates","2016-04-12T07:00:00Z","Microsoft Edge (EdgeHTML-based) on Windows 10 Version 1511 for x64-based Systems","3147458","Critical","Remote Code Execution","Microsoft Edge Memory Corruption Vulnerability","3140768"
"CVE-2016-0156","April 2016 Security Updates","2016-04-12T07:00:00Z","Microsoft Edge (EdgeHTML-based) on Windows 10 for 32-bit Systems","3147461","Critical","Remote Code Execution","Microsoft Edge Memory Corruption Vulnerability","3140745"
"CVE-2016-0156","April 2016 Security Updates","2016-04-12T07:00:00Z","Microsoft Edge (EdgeHTML-based) on Windows 10 for x64-based Systems","3147461","Critical","Remote Code Execution","Microsoft Edge Memory Corruption Vulnerability","3140745"
"CVE-2016-0156","April 2016 Security Updates","2016-04-12T07:00:00Z","Microsoft Edge (EdgeHTML-based) on Windows 10 Version 1511 for 32-bit Systems","3147458","Critical","Remote Code Execution","Microsoft Edge Memory Corruption Vulnerability","3140768"
"CVE-2016-0156","April 2016 Security Updates","2016-04-12T07:00:00Z","Microsoft Edge (EdgeHTML-based) on Windows 10 Version 1511 for x64-based Systems","3147458","Critical","Remote Code Execution","Microsoft Edge Memory Corruption Vulnerability","3140768"
"CVE-2016-0157","April 2016 Security Updates","2016-04-12T07:00:00Z","Microsoft Edge (EdgeHTML-based) on Windows 10 for 32-bit Systems","3147461","Critical","Remote Code Execution","Microsoft Browser Memory Corruption Vulnerability","3140745"
"CVE-2016-0157","April 2016 Security Updates","2016-04-12T07:00:00Z","Microsoft Edge (EdgeHTML-based) on Windows 10 for x64-based Systems","3147461","Critical","Remote Code Execution","Microsoft Browser Memory Corruption Vulnerability","3140745"
"CVE-2016-0157","April 2016 Security Updates","2016-04-12T07:00:00Z","Microsoft Edge (EdgeHTML-based) on Windows 10 Version 1511 for 32-bit Systems","3147458","Critical","Remote Code Execution","Microsoft Browser Memory Corruption Vulnerability","3140768"
"CVE-2016-0157","April 2016 Security Updates","2016-04-12T07:00:00Z","Microsoft Edge (EdgeHTML-based) on Windows 10 Version 1511 for x64-based Systems","3147458","Critical","Remote Code Execution","Microsoft Browser Memory Corruption Vulnerability","3140768"
"CVE-2016-0158","April 2016 Security Updates","2016-04-12T07:00:00Z","Microsoft Edge (EdgeHTML-based) on Windows 10 for 32-bit Systems","3147461","Important","Elevation of Privilege","Microsoft Edge Elevation of Privilege Vulnerability","3140745"
"CVE-2016-0158","April 2016 Security Updates","2016-04-12T07:00:00Z","Microsoft Edge (EdgeHTML-based) on Windows 10 for x64-based Systems","3147461","Important","Elevation of Privilege","Microsoft Edge Elevation of Privilege Vulnerability","3140745"
"CVE-2016-0158","April 2016 Security Updates","2016-04-12T07:00:00Z","Microsoft Edge (EdgeHTML-based) on Windows 10 Version 1511 for 32-bit Systems","3147458","Important","Elevation of Privilege","Microsoft Edge Elevation of Privilege Vulnerability","3140768"
"CVE-2016-0158","April 2016 Security Updates","2016-04-12T07:00:00Z","Microsoft Edge (EdgeHTML-based) on Windows 10 Version 1511 for x64-based Systems","3147458","Important","Elevation of Privilege","Microsoft Edge Elevation of Privilege Vulnerability","3140768"
"CVE-2016-0159","April 2016 Security Updates","2016-04-12T07:00:00Z","Internet Explorer 9 on Windows Vista x64 Edition Service Pack 2","3148198","Critical","Remote Code Execution","Internet Explorer Memory Corruption Vulnerability","3139929"
"CVE-2016-0159","April 2016 Security Updates","2016-04-12T07:00:00Z","Internet Explorer 9 on Windows Vista Service Pack 2","3148198","Critical","Remote Code Execution","Internet Explorer Memory Corruption Vulnerability","3139929"
"CVE-2016-0159","April 2016 Security Updates","2016-04-12T07:00:00Z","Internet Explorer 9 on Windows Server 2008 for 32-bit Systems Service Pack 2","3148198","Moderate","Remote Code Execution","Internet Explorer Memory Corruption Vulnerability","3139929"
"CVE-2016-0159","April 2016 Security Updates","2016-04-12T07:00:00Z","Internet Explorer 9 on Windows Server 2008 for x64-based Systems Service Pack 2","3148198","Moderate","Remote Code Execution","Internet Explorer Memory Corruption Vulnerability","3139929"
"CVE-2016-0160","April 2016 Security Updates","2016-04-12T07:00:00Z","Internet Explorer 11 on Windows 10 for 32-bit Systems","3147461","Important","Remote Code Execution","DLL Loading Remote Code Execution Vulnerability","3140745"
"CVE-2016-0160","April 2016 Security Updates","2016-04-12T07:00:00Z","Internet Explorer 11 on Windows 10 for x64-based Systems","3147461","Important","Remote Code Execution","DLL Loading Remote Code Execution Vulnerability","3140745"
"CVE-2016-0160","April 2016 Security Updates","2016-04-12T07:00:00Z","Internet Explorer 11 on Windows 10 Version 1511 for 32-bit Systems","3147458","Important","Remote Code Execution","DLL Loading Remote Code Execution Vulnerability","3140768"
"CVE-2016-0160","April 2016 Security Updates","2016-04-12T07:00:00Z","Internet Explorer 11 on Windows 10 Version 1511 for x64-based Systems","3147458","Important","Remote Code Execution","DLL Loading Remote Code Execution Vulnerability","3140768"
"CVE-2016-0160","April 2016 Security Updates","2016-04-12T07:00:00Z","Internet Explorer 11 on Windows 8.1 for 32-bit systems","3148198","Important","Remote Code Execution","DLL Loading Remote Code Execution Vulnerability","3139929"
"CVE-2016-0160","April 2016 Security Updates","2016-04-12T07:00:00Z","Internet Explorer 11 on Windows 8.1 for x64-based systems","3148198","Important","Remote Code Execution","DLL Loading Remote Code Execution Vulnerability","3139929"
"CVE-2016-0160","April 2016 Security Updates","2016-04-12T07:00:00Z","Internet Explorer 11 on Windows Server 2012 R2","3148198","Low","Remote Code Execution","DLL Loading Remote Code Execution Vulnerability","3139929"
"CVE-2016-0160","April 2016 Security Updates","2016-04-12T07:00:00Z","Internet Explorer 11 on Windows RT 8.1","3148198","Important","Remote Code Execution","DLL Loading Remote Code Execution Vulnerability","3139929"
"CVE-2016-0161","April 2016 Security Updates","2016-04-12T07:00:00Z","Microsoft Edge (EdgeHTML-based) on Windows 10 for 32-bit Systems","3147461","Moderate","Elevation of Privilege","Microsoft Edge Elevation of Privilege Vulnerability","3140745"
"CVE-2016-0161","April 2016 Security Updates","2016-04-12T07:00:00Z","Microsoft Edge (EdgeHTML-based) on Windows 10 for x64-based Systems","3147461","Moderate","Elevation of Privilege","Microsoft Edge Elevation of Privilege Vulnerability","3140745"
"CVE-2016-0161","April 2016 Security Updates","2016-04-12T07:00:00Z","Microsoft Edge (EdgeHTML-based) on Windows 10 Version 1511 for 32-bit Systems","3147458","Moderate","Elevation of Privilege","Microsoft Edge Elevation of Privilege Vulnerability","3140768"
"CVE-2016-0161","April 2016 Security Updates","2016-04-12T07:00:00Z","Microsoft Edge (EdgeHTML-based) on Windows 10 Version 1511 for x64-based Systems","3147458","Moderate","Elevation of Privilege","Microsoft Edge Elevation of Privilege Vulnerability","3140768"
"CVE-2016-0162","April 2016 Security Updates","2017-04-11T07:00:00Z","Internet Explorer 10 on Windows Server 2012","4015551","Low","Information Disclosure","Internet Explorer Information Disclosure Vulnerability","4012217"
"CVE-2016-0162","April 2016 Security Updates","2017-04-11T07:00:00Z","Internet Explorer 10 on Windows Server 2012","4014661","Low","Information Disclosure","Internet Explorer Information Disclosure Vulnerability","4012204"
"CVE-2016-0162","April 2016 Security Updates","2017-04-11T07:00:00Z","Internet Explorer 11 on Windows 8.1 for 32-bit systems","4014661","Moderate","Information Disclosure","Internet Explorer Information Disclosure Vulnerability","4012204"
"CVE-2016-0162","April 2016 Security Updates","2017-04-11T07:00:00Z","Internet Explorer 11 on Windows 8.1 for x64-based systems","4014661","Moderate","Information Disclosure","Internet Explorer Information Disclosure Vulnerability","4012204"
"CVE-2016-0162","April 2016 Security Updates","2017-04-11T07:00:00Z","Internet Explorer 11 on Windows Server 2012 R2","4014661","Low","Information Disclosure","Internet Explorer Information Disclosure Vulnerability","4012204"
"CVE-2016-0162","April 2016 Security Updates","2017-04-11T07:00:00Z","Internet Explorer 11 on Windows 7 for 32-bit Systems Service Pack 1","4014661","Moderate","Information Disclosure","Internet Explorer Information Disclosure Vulnerability","4012204"
"CVE-2016-0162","April 2016 Security Updates","2017-04-11T07:00:00Z","Internet Explorer 11 on Windows 7 for x64-based Systems Service Pack 1","4014661","Moderate","Information Disclosure","Internet Explorer Information Disclosure Vulnerability","4012204"
"CVE-2016-0162","April 2016 Security Updates","2017-04-11T07:00:00Z","Internet Explorer 11 on Windows Server 2008 R2 for x64-based Systems Service Pack 1","4014661","Low","Information Disclosure","Internet Explorer Information Disclosure Vulnerability","4012204"
"CVE-2016-0162","April 2016 Security Updates","2017-04-11T07:00:00Z","Internet Explorer 11 on Windows 8.1 for 32-bit systems","4015550","Moderate","Information Disclosure","Internet Explorer Information Disclosure Vulnerability","4012216"
"CVE-2016-0162","April 2016 Security Updates","2017-04-11T07:00:00Z","Internet Explorer 11 on Windows 8.1 for x64-based systems","4015550","Moderate","Information Disclosure","Internet Explorer Information Disclosure Vulnerability","4012216"
"CVE-2016-0162","April 2016 Security Updates","2017-04-11T07:00:00Z","Internet Explorer 11 on Windows Server 2012 R2","4015550","Low","Information Disclosure","Internet Explorer Information Disclosure Vulnerability","4012216"
"CVE-2016-0162","April 2016 Security Updates","2017-04-11T07:00:00Z","Internet Explorer 11 on Windows RT 8.1","4015550","Moderate","Information Disclosure","Internet Explorer Information Disclosure Vulnerability","4012216"
"CVE-2016-0162","April 2016 Security Updates","2017-04-11T07:00:00Z","Internet Explorer 11 on Windows 7 for 32-bit Systems Service Pack 1","4015549","Moderate","Information Disclosure","Internet Explorer Information Disclosure Vulnerability","4012215"
"CVE-2016-0162","April 2016 Security Updates","2017-04-11T07:00:00Z","Internet Explorer 11 on Windows 7 for x64-based Systems Service Pack 1","4015549","Moderate","Information Disclosure","Internet Explorer Information Disclosure Vulnerability","4012215"
"CVE-2016-0162","April 2016 Security Updates","2017-04-11T07:00:00Z","Internet Explorer 11 on Windows Server 2008 R2 for x64-based Systems Service Pack 1","4015549","Low","Information Disclosure","Internet Explorer Information Disclosure Vulnerability","4012215"
"CVE-2016-0162","April 2016 Security Updates","2017-04-11T07:00:00Z","Internet Explorer 11 on Windows 10 for 32-bit Systems","4015221","Moderate","Information Disclosure","Internet Explorer Information Disclosure Vulnerability","4012606"
"CVE-2016-0162","April 2016 Security Updates","2017-04-11T07:00:00Z","Internet Explorer 11 on Windows 10 for x64-based Systems","4015221","Moderate","Information Disclosure","Internet Explorer Information Disclosure Vulnerability","4012606"
"CVE-2016-0162","April 2016 Security Updates","2017-04-11T07:00:00Z","Internet Explorer 11 on Windows 10 Version 1511 for 32-bit Systems","4015219","Moderate","Information Disclosure","Internet Explorer Information Disclosure Vulnerability","4013198"
"CVE-2016-0162","April 2016 Security Updates","2017-04-11T07:00:00Z","Internet Explorer 11 on Windows 10 Version 1511 for x64-based Systems","4015219","Moderate","Information Disclosure","Internet Explorer Information Disclosure Vulnerability","4013198"
"CVE-2016-0162","April 2016 Security Updates","2017-04-11T07:00:00Z","Internet Explorer 9 on Windows Vista x64 Edition Service Pack 2","4015219","Moderate","Information Disclosure","Internet Explorer Information Disclosure Vulnerability","4013198"
"CVE-2016-0162","April 2016 Security Updates","2017-04-11T07:00:00Z","Internet Explorer 9 on Windows Vista Service Pack 2","4015219","Moderate","Information Disclosure","Internet Explorer Information Disclosure Vulnerability","4013198"
"CVE-2016-0162","April 2016 Security Updates","2017-04-11T07:00:00Z","Internet Explorer 9 on Windows Server 2008 for 32-bit Systems Service Pack 2","4015219","Low","Information Disclosure","Internet Explorer Information Disclosure Vulnerability","4013198"
"CVE-2016-0162","April 2016 Security Updates","2017-04-11T07:00:00Z","Internet Explorer 9 on Windows Server 2008 for x64-based Systems Service Pack 2","4015219","Low","Information Disclosure","Internet Explorer Information Disclosure Vulnerability","4013198"
"CVE-2016-0164","April 2016 Security Updates","2016-04-12T07:00:00Z","Internet Explorer 10 on Windows Server 2012","3148198","Moderate","Remote Code Execution","Internet Explorer Memory Corruption Vulnerability","3139929"
"CVE-2016-0164","April 2016 Security Updates","2016-04-12T07:00:00Z","Internet Explorer 11 on Windows 8.1 for 32-bit systems","3148198","Critical","Remote Code Execution","Internet Explorer Memory Corruption Vulnerability","3139929"
"CVE-2016-0164","April 2016 Security Updates","2016-04-12T07:00:00Z","Internet Explorer 11 on Windows 8.1 for x64-based systems","3148198","Critical","Remote Code Execution","Internet Explorer Memory Corruption Vulnerability","3139929"
"CVE-2016-0164","April 2016 Security Updates","2016-04-12T07:00:00Z","Internet Explorer 11 on Windows Server 2012 R2","3148198","Moderate","Remote Code Execution","Internet Explorer Memory Corruption Vulnerability","3139929"
"CVE-2016-0164","April 2016 Security Updates","2016-04-12T07:00:00Z","Internet Explorer 11 on Windows RT 8.1","3148198","Critical","Remote Code Execution","Internet Explorer Memory Corruption Vulnerability","3139929"
"CVE-2016-0166","April 2016 Security Updates","2016-04-12T07:00:00Z","Internet Explorer 11 on Windows 10 for 32-bit Systems","3147461","Critical","Remote Code Execution","Internet Explorer Memory Corruption Vulnerability","3140745"
"CVE-2016-0166","April 2016 Security Updates","2016-04-12T07:00:00Z","Internet Explorer 11 on Windows 10 for x64-based Systems","3147461","Critical","Remote Code Execution","Internet Explorer Memory Corruption Vulnerability","3140745"
"CVE-2016-0166","April 2016 Security Updates","2016-04-12T07:00:00Z","Internet Explorer 11 on Windows 10 Version 1511 for 32-bit Systems","3147458","Critical","Remote Code Execution","Internet Explorer Memory Corruption Vulnerability","3140768"
"CVE-2016-0166","April 2016 Security Updates","2016-04-12T07:00:00Z","Internet Explorer 11 on Windows 10 Version 1511 for x64-based Systems","3147458","Critical","Remote Code Execution","Internet Explorer Memory Corruption Vulnerability","3140768"
"CVE-2016-0166","April 2016 Security Updates","2016-04-12T07:00:00Z","Internet Explorer 11 on Windows 8.1 for 32-bit systems","3148198","Critical","Remote Code Execution","Internet Explorer Memory Corruption Vulnerability","3139929"
"CVE-2016-0166","April 2016 Security Updates","2016-04-12T07:00:00Z","Internet Explorer 11 on Windows 8.1 for x64-based systems","3148198","Critical","Remote Code Execution","Internet Explorer Memory Corruption Vulnerability","3139929"
"CVE-2016-0166","April 2016 Security Updates","2016-04-12T07:00:00Z","Internet Explorer 11 on Windows Server 2012 R2","3148198","Moderate","Remote Code Execution","Internet Explorer Memory Corruption Vulnerability","3139929"
"CVE-2016-0166","April 2016 Security Updates","2016-04-12T07:00:00Z","Internet Explorer 11 on Windows RT 8.1","3148198","Critical","Remote Code Execution","Internet Explorer Memory Corruption Vulnerability","3139929"
"CVE-2016-0165","April 2016 Security Updates","2017-09-12T07:00:00Z","Windows 10 Version 1703 for 32-bit Systems","4038788","Important","Elevation of Privilege","Windows Graphics Component Elevation of Privilege Vulnerability","4034674"
"CVE-2016-0165","April 2016 Security Updates","2017-09-12T07:00:00Z","Windows 10 Version 1703 for x64-based Systems","4038788","Important","Elevation of Privilege","Windows Graphics Component Elevation of Privilege Vulnerability","4034674"
"CVE-2016-0165","April 2016 Security Updates","2017-09-12T07:00:00Z","Windows 7 for 32-bit Systems Service Pack 1","3145739","Important","Elevation of Privilege","Windows Graphics Component Elevation of Privilege Vulnerability","3139852"
"CVE-2016-0165","April 2016 Security Updates","2017-09-12T07:00:00Z","Windows 7 for x64-based Systems Service Pack 1","3145739","Important","Elevation of Privilege","Windows Graphics Component Elevation of Privilege Vulnerability","3139852"
"CVE-2016-0165","April 2016 Security Updates","2017-09-12T07:00:00Z","Windows 8.1 for 32-bit systems","3145739","Important","Elevation of Privilege","Windows Graphics Component Elevation of Privilege Vulnerability","3139852"
"CVE-2016-0165","April 2016 Security Updates","2017-09-12T07:00:00Z","Windows 8.1 for x64-based systems","3145739","Important","Elevation of Privilege","Windows Graphics Component Elevation of Privilege Vulnerability","3139852"
"CVE-2016-0165","April 2016 Security Updates","2017-09-12T07:00:00Z","Windows RT 8.1","3145739","Important","Elevation of Privilege","Windows Graphics Component Elevation of Privilege Vulnerability","3139852"
"CVE-2016-0165","April 2016 Security Updates","2017-09-12T07:00:00Z","Windows Server 2008 for 32-bit Systems Service Pack 2","3145739","Important","Elevation of Privilege","Windows Graphics Component Elevation of Privilege Vulnerability","3139852"
"CVE-2016-0165","April 2016 Security Updates","2017-09-12T07:00:00Z","Windows Server 2008 for 32-bit Systems Service Pack 2 (Server Core installation)","3145739","Important","Elevation of Privilege","Windows Graphics Component Elevation of Privilege Vulnerability","3139852"
"CVE-2016-0165","April 2016 Security Updates","2017-09-12T07:00:00Z","Windows Server 2008 for Itanium-Based Systems Service Pack 2","3145739","Important","Elevation of Privilege","Windows Graphics Component Elevation of Privilege Vulnerability","3139852"
"CVE-2016-0165","April 2016 Security Updates","2017-09-12T07:00:00Z","Windows Server 2008 for x64-based Systems Service Pack 2","3145739","Important","Elevation of Privilege","Windows Graphics Component Elevation of Privilege Vulnerability","3139852"
"CVE-2016-0165","April 2016 Security Updates","2017-09-12T07:00:00Z","Windows Server 2008 for x64-based Systems Service Pack 2 (Server Core installation)","3145739","Important","Elevation of Privilege","Windows Graphics Component Elevation of Privilege Vulnerability","3139852"
"CVE-2016-0165","April 2016 Security Updates","2017-09-12T07:00:00Z","Windows Server 2008 R2 for Itanium-Based Systems Service Pack 1","3145739","Important","Elevation of Privilege","Windows Graphics Component Elevation of Privilege Vulnerability","3139852"
"CVE-2016-0165","April 2016 Security Updates","2017-09-12T07:00:00Z","Windows Server 2008 R2 for x64-based Systems Service Pack 1","3145739","Important","Elevation of Privilege","Windows Graphics Component Elevation of Privilege Vulnerability","3139852"
"CVE-2016-0165","April 2016 Security Updates","2017-09-12T07:00:00Z","Windows Server 2008 R2 for x64-based Systems Service Pack 1 (Server Core installation)","3145739","Important","Elevation of Privilege","Windows Graphics Component Elevation of Privilege Vulnerability","3139852"
"CVE-2016-0165","April 2016 Security Updates","2017-09-12T07:00:00Z","Windows Server 2012","3145739","Important","Elevation of Privilege","Windows Graphics Component Elevation of Privilege Vulnerability","3139852"
"CVE-2016-0165","April 2016 Security Updates","2017-09-12T07:00:00Z","Windows Server 2012 (Server Core installation)","3145739","Important","Elevation of Privilege","Windows Graphics Component Elevation of Privilege Vulnerability","3139852"
"CVE-2016-0165","April 2016 Security Updates","2017-09-12T07:00:00Z","Windows Server 2012 R2","3145739","Important","Elevation of Privilege","Windows Graphics Component Elevation of Privilege Vulnerability","3139852"
"CVE-2016-0165","April 2016 Security Updates","2017-09-12T07:00:00Z","Windows Server 2012 R2 (Server Core installation)","3145739","Important","Elevation of Privilege","Windows Graphics Component Elevation of Privilege Vulnerability","3139852"
"CVE-2016-0165","April 2016 Security Updates","2017-09-12T07:00:00Z","Windows Vista Service Pack 2","3145739","Important","Elevation of Privilege","Windows Graphics Component Elevation of Privilege Vulnerability","3139852"
"CVE-2016-0165","April 2016 Security Updates","2017-09-12T07:00:00Z","Windows Vista x64 Edition Service Pack 2","3145739","Important","Elevation of Privilege","Windows Graphics Component Elevation of Privilege Vulnerability","3139852"
"CVE-2016-0165","April 2016 Security Updates","2017-09-12T07:00:00Z","Windows 10 for 32-bit Systems","3147461","Important","Elevation of Privilege","Windows Graphics Component Elevation of Privilege Vulnerability","3140745"
"CVE-2016-0165","April 2016 Security Updates","2017-09-12T07:00:00Z","Windows 10 for x64-based Systems","3147461","Important","Elevation of Privilege","Windows Graphics Component Elevation of Privilege Vulnerability","3140745"
"CVE-2016-0165","April 2016 Security Updates","2017-09-12T07:00:00Z","Windows 10 Version 1511 for 32-bit Systems","3147458","Important","Elevation of Privilege","Windows Graphics Component Elevation of Privilege Vulnerability","3140768"
"CVE-2016-0165","April 2016 Security Updates","2017-09-12T07:00:00Z","Windows 10 Version 1511 for x64-based Systems","3147458","Important","Elevation of Privilege","Windows Graphics Component Elevation of Privilege Vulnerability","3140768"
"CVE-2016-0167","April 2016 Security Updates","2016-04-12T07:00:00Z","Windows 7 for 32-bit Systems Service Pack 1","3145739","Important","Elevation of Privilege","Windows Graphics Component Elevation of Privilege Vulnerability","3139852"
"CVE-2016-0167","April 2016 Security Updates","2016-04-12T07:00:00Z","Windows 7 for x64-based Systems Service Pack 1","3145739","Important","Elevation of Privilege","Windows Graphics Component Elevation of Privilege Vulnerability","3139852"
"CVE-2016-0167","April 2016 Security Updates","2016-04-12T07:00:00Z","Windows 8.1 for 32-bit systems","3145739","Important","Elevation of Privilege","Windows Graphics Component Elevation of Privilege Vulnerability","3139852"
"CVE-2016-0167","April 2016 Security Updates","2016-04-12T07:00:00Z","Windows 8.1 for x64-based systems","3145739","Important","Elevation of Privilege","Windows Graphics Component Elevation of Privilege Vulnerability","3139852"
"CVE-2016-0167","April 2016 Security Updates","2016-04-12T07:00:00Z","Windows RT 8.1","3145739","Important","Elevation of Privilege","Windows Graphics Component Elevation of Privilege Vulnerability","3139852"
"CVE-2016-0167","April 2016 Security Updates","2016-04-12T07:00:00Z","Windows Server 2008 for 32-bit Systems Service Pack 2","3145739","Important","Elevation of Privilege","Windows Graphics Component Elevation of Privilege Vulnerability","3139852"
"CVE-2016-0167","April 2016 Security Updates","2016-04-12T07:00:00Z","Windows Server 2008 for 32-bit Systems Service Pack 2 (Server Core installation)","3145739","Important","Elevation of Privilege","Windows Graphics Component Elevation of Privilege Vulnerability","3139852"
"CVE-2016-0167","April 2016 Security Updates","2016-04-12T07:00:00Z","Windows Server 2008 for Itanium-Based Systems Service Pack 2","3145739","Important","Elevation of Privilege","Windows Graphics Component Elevation of Privilege Vulnerability","3139852"
"CVE-2016-0167","April 2016 Security Updates","2016-04-12T07:00:00Z","Windows Server 2008 for x64-based Systems Service Pack 2","3145739","Important","Elevation of Privilege","Windows Graphics Component Elevation of Privilege Vulnerability","3139852"
"CVE-2016-0167","April 2016 Security Updates","2016-04-12T07:00:00Z","Windows Server 2008 for x64-based Systems Service Pack 2 (Server Core installation)","3145739","Important","Elevation of Privilege","Windows Graphics Component Elevation of Privilege Vulnerability","3139852"
"CVE-2016-0167","April 2016 Security Updates","2016-04-12T07:00:00Z","Windows Server 2008 R2 for Itanium-Based Systems Service Pack 1","3145739","Important","Elevation of Privilege","Windows Graphics Component Elevation of Privilege Vulnerability","3139852"
"CVE-2016-0167","April 2016 Security Updates","2016-04-12T07:00:00Z","Windows Server 2008 R2 for x64-based Systems Service Pack 1","3145739","Important","Elevation of Privilege","Windows Graphics Component Elevation of Privilege Vulnerability","3139852"
"CVE-2016-0167","April 2016 Security Updates","2016-04-12T07:00:00Z","Windows Server 2008 R2 for x64-based Systems Service Pack 1 (Server Core installation)","3145739","Important","Elevation of Privilege","Windows Graphics Component Elevation of Privilege Vulnerability","3139852"
"CVE-2016-0167","April 2016 Security Updates","2016-04-12T07:00:00Z","Windows Server 2012","3145739","Important","Elevation of Privilege","Windows Graphics Component Elevation of Privilege Vulnerability","3139852"
"CVE-2016-0167","April 2016 Security Updates","2016-04-12T07:00:00Z","Windows Server 2012 (Server Core installation)","3145739","Important","Elevation of Privilege","Windows Graphics Component Elevation of Privilege Vulnerability","3139852"
"CVE-2016-0167","April 2016 Security Updates","2016-04-12T07:00:00Z","Windows Server 2012 R2","3145739","Important","Elevation of Privilege","Windows Graphics Component Elevation of Privilege Vulnerability","3139852"
"CVE-2016-0167","April 2016 Security Updates","2016-04-12T07:00:00Z","Windows Server 2012 R2 (Server Core installation)","3145739","Important","Elevation of Privilege","Windows Graphics Component Elevation of Privilege Vulnerability","3139852"
"CVE-2016-0167","April 2016 Security Updates","2016-04-12T07:00:00Z","Windows Vista Service Pack 2","3145739","Important","Elevation of Privilege","Windows Graphics Component Elevation of Privilege Vulnerability","3139852"
"CVE-2016-0167","April 2016 Security Updates","2016-04-12T07:00:00Z","Windows Vista x64 Edition Service Pack 2","3145739","Important","Elevation of Privilege","Windows Graphics Component Elevation of Privilege Vulnerability","3139852"
"CVE-2016-0167","April 2016 Security Updates","2016-04-12T07:00:00Z","Windows 10 for 32-bit Systems","3147461","Important","Elevation of Privilege","Windows Graphics Component Elevation of Privilege Vulnerability","3140745"
"CVE-2016-0167","April 2016 Security Updates","2016-04-12T07:00:00Z","Windows 10 for x64-based Systems","3147461","Important","Elevation of Privilege","Windows Graphics Component Elevation of Privilege Vulnerability","3140745"
"CVE-2016-0167","April 2016 Security Updates","2016-04-12T07:00:00Z","Windows 10 Version 1511 for 32-bit Systems","3147458","Important","Elevation of Privilege","Windows Graphics Component Elevation of Privilege Vulnerability","3140768"
"CVE-2016-0167","April 2016 Security Updates","2016-04-12T07:00:00Z","Windows 10 Version 1511 for x64-based Systems","3147458","Important","Elevation of Privilege","Windows Graphics Component Elevation of Privilege Vulnerability","3140768"
